https://independent.academia.edu/projecthu,https://projecthustle128.wordpress.com
http://id.kaywa.com/projecthu,https://projecthustle128.wordpress.com
https://sketchfab.com/kocisrs,https://projecthustle128.wordpress.com
https://www.creativelive.com/student?via=accounts-freeform_2,https://projecthustle128.wordpress.com
https://www.tripadvisor.in/Profile/projecthu,https://projecthustle128.wordpress.com
https://biashara.co.ke/author/projecthu/,https://projecthustle128.wordpress.com
https://www.royalsreview.com/users/projecthu,https://projecthustle128.wordpress.com
http://holodilnik.lav-centr.ru/user/ElinorWalstab9/,https://projecthustle128.wordpress.com
http://marneuli.net/user/BlancaBuckmaster/,https://projecthustle128.wordpress.com
http://marneuli.net/user/KareemNewman/,https://projecthustle128.wordpress.com
http://marneuli.net/user/LucindaGalloway/,https://projecthustle128.wordpress.com
http://holodilnik.lav-centr.ru/user/RoccoTrouton438/,https://projecthustle128.wordpress.com
http://holodilnik.lav-centr.ru/user/HugoCoulston459/,https://projecthustle128.wordpress.com
http://kgti.kg/user/NolanOneal/,https://projecthustle128.wordpress.com
